url,redir
https://www.manh.com/en-gb/nowhere,https://www.manh.com/en-gb/nowhere
https://www.manh.com/point-of-sale,https://www.manh.com/products/point-of-sale
http://www.manh.com/es-pa,https://www.manh.com/es-pa
http://www.manh.com/nl-nl,https://www.manh.com/nl-nl
http://www.manh.com/en-au,https://www.manh.com/en-au
https://www.manh.com/en-gb/nowhere,https://www.manh.com/en-gb/nowhere
http://www.manh.com/en-ae,https://www.manh.com/en-ae
http://www.manh.com/th-th,https://www.manh.com/th-th
http://www.manh.com/pt-br,https://www.manh.com/pt-br
http://www.manh.com/is-is,https://www.manh.com/is-is
https://www.manh.com/en-gb/nowhere,https://www.manh.com/en-gb/nowhere
http://www.manh.com/zh-cn,https://www.manh.com/zh-cn
http://www.manh.com/ms-my,https://www.manh.com/ms-my
https://www.manh.com/en-gb/nowhere,https://www.manh.com/en-gb/nowhere
http://www.manh.com/en-hk,https://www.manh.com/en-hk
http://www.manh.com/es,https://www.manh.com/es
http://www.manh.com/en-in,https://www.manh.com/en-in
https://www.manh.com/en-gb/nowhere,https://www.manh.com/en-gb/nowhere
http://www.manh.com/ro-ro,https://www.manh.com/ro-ro
http://www.manh.com/pl-pl,https://www.manh.com/pl-pl
https://www.manh.com/en-gb/nowhere,https://www.manh.com/en-gb/nowhere
http://www.manh.com/de-de,https://www.manh.com/de-de
http://www.manh.com/en-nz,https://www.manh.com/en-nz
http://www.manh.com/fr-fr,http://www.manh.com/fr-fr
http://www.manh.com/fr-fr,http://www.manh.com/fr-fr
http://www.manh.com/fr-fr,http://www.manh.com/fr-fr
http://www.manh.com/fr-fr,http://www.manh.com/fr-fr
http://www.manh.com/ja-jp,https://www.manh.com/ja-jp
http://www.manh.com/pt-pt,https://www.manh.com/pt-pt
http://www.manh.com/nl-be,https://www.manh.com/nl-be
http://www.manh.com/it-it,https://www.manh.com/it-it
http://www.manh.com/en-nl,https://www.manh.com/en-nl
http://www.manh.com/en-za,https://www.manh.com/en-za
http://www.manh.com/no-no,https://www.manh.com/no-no
http://www.manh.com/privacy-policyIf,https://www.manh.com/privacy-policyIf
http://www.manh.com/en-sg,https://www.manh.com/en-sg
http://www.manh.com/fi-fi,https://www.manh.com/fi-fi
http://www.manh.com/es-es,https://www.manh.com/es-es
http://www.manh.com/en-gb/,https://www.manh.com/en-gb/
http://www.manh.com/why-manhattan/partners/technology/microsoft-azure,https://www.manh.com/why-manhattan/partners/technology/microsoft-azure
https://www.manh.com/products/distribution-management/reviews,https://www.manh.com/products/distribution/reviews
http://www.manh.com/privacy-policy,https://www.manh.com/privacy-policy
https://www.manh.com/products/distribution-management/customers,https://www.manh.com/products/distribution/customers
http://www.manh.com/resources/press-releases/2014/08/05/manhattan-associates-recognized-product-leadership,https://www.manh.com/resources/press-releases/2014/08/05/manhattan-associates-recognized-product-leadership
https://www.manh.com/es-es/nowhere,https://www.manh.com/es-es
http://www.manh.com/products/distributed-order-management,https://www.manh.com/products/distributed-order-management
https://www.manh.com/ja-jp/nowhere,https://www.manh.com/ja-jp
http://www.manh.com/en-au/contact-us,https://www.manh.com/en-au/contact-us
http://www.manh.com/en-nl/products/store-fulfilment,https://www.manh.com/en-nl/products/store-fulfilment
https://www.manh.com/en-au/nowhere,https://www.manh.com/en-au
https://www.manh.com/en-gb/,https://www.manh.com/en-gb
https://www.manh.com/exchange,http://info.manh.com/EMEA-Exchange.html
https://www.manh.com/zh-cn/nowhere,https://www.manh.com/zh-cn
http://www.manh.com/en-gb/resources/press-releases/2017/05/10/manhattan-associates-unveils-manhattan-activetm-supply-chain ,https://www.manh.com/en-gb/resources/press-releases/2017/05/10/manhattan-associates-unveils-manhattan-activetm-supply-chain 
http://www.manh.com/en-gb/privacy-policy,https://www.manh.com/en-gb/privacy-policy
http://www.manh.com/?utm_medium=manh&utm_source=manh_us_&utm_campaign=15jan09_us_nrf_2015&utm_content=press_release_distribution,https://www.manh.com/?utm_medium=manh&utm_source=manh_us_&utm_campaign=15jan09_us_nrf_2015&utm_content=press_release_distribution
https://www.manh.com/pt-br/nowhere,https://www.manh.com/pt-br
https://www.manh.com/es/nowhere,https://www.manh.com/es
https://www.manh.com/extended-enterprise/services,https://www.manh.com/products/extended-enterprise/services
http://www.manh.com/en-au/privacy-policy,https://www.manh.com/en-au/privacy-policy
http://www.manh.com/es/politica-de-privacidad,https://www.manh.com/es/politica-de-privacidad
https://www.manh.com/events/2017/08/28/Llambert@manh.com,https://www.manh.com/events
http://www.manh.com/en-nl/products/manhattan-scale,https://www.manh.com/en-nl/products/manhattan-scale
http://www.manh.com/es/contactenos,https://www.manh.com/es/contactenos
http://www.manh.com/es/terminos-de-uso,https://www.manh.com/es/terminos-de-uso
http://www.manh.com/en-nl/products/distributed-order-management,https://www.manh.com/en-nl/products/distributed-order-management
http://www.manh.com/en-gb/contact-us,https://www.manh.com/en-gb/contact-us
http://www.manh.com/solutions/order-lifecycle-management/store-commerce-activation,https://www.manh.com/solutions/order-lifecycle-management/store-commerce-activation
http://www.manh.com/en-au/terms-of-use,https://www.manh.com/en-au/terms-of-use
http://www.manh.com/contact-us,https://www.manh.com/contact-us
https://www.manh.com/exchanges,http://info.manh.com/Exchange-2018.html
http://www.manh.com/es/eventos/2017/08/07/manhattan-exchange-2017,https://www.manh.com/es/eventos/2017/08/07/manhattan-exchange-2017
http://www.manh.com/nl-nl/contact,https://www.manh.com/nl-nl/contact
http://www.manh.com/en-gb/products/warehouse-management,https://www.manh.com/en-gb/products/warehouse-management
http://www.manh.com/active/omni,https://www.manh.com/active/omni
https://www.manh.com/de-de/nowhere,https://www.manh.com/de-de
http://www.manh.com/en-gb/terms-of-use,https://www.manh.com/en-gb/terms-of-use
http://www.manh.com/en-nl/resources/articles/2016/03/09/consumerisation-wholesale-commerce,https://www.manh.com/en-nl/resources/articles/2016/03/09/consumerisation-wholesale-commerce
https://www.manh.com/fr-fr/nowhere,https://www.manh.com/fr-fr
https://www.manh.com/en-nl/nowhere,https://www.manh.com/en-nl
http://manh.com/es,http://www.manh.com/es
http://www.manh.com/nl-nl/gebruiksvoorwaarden,https://www.manh.com/nl-nl/gebruiksvoorwaarden
http://www.manh.com/nl-nl/privacybeleid,https://www.manh.com/nl-nl/privacybeleid
https://www.manh.com/nl-nl/nowhere,https://www.manh.com/nl-nl
http://www.manh.com/platforms/manhattan-scale,https://www.manh.com/platforms/manhattan-scale
http://www.manh.com/resources/articles/2017/03/08/ebb-and-flow-inventory-part-1-best-practices-front-loading-inventory,https://www.manh.com/resources/articles/2017/03/08/ebb-and-flow-inventory-part-1-best-practices-front-loading-inventory
http://www.manh.com/resources/articles/2015/06/16/getting-roi-replenishment,https://www.manh.com/resources/articles/2015/06/16/getting-roi-replenishment
http://www.manh.com/zh-cn/,https://www.manh.com/zh-cn/
https://www.manh.com/it-it/resources/press-releases,https://www.manh.com/it-it/risorse/comunicati-stampa
https://www.manh.com/de-de/resources/articles,https://www.manh.com/de-de/quellen/artikel
http://www.manh.com/pt-br/politica-de-privacidade,https://www.manh.com/pt-br/politica-de-privacidade
http://www.manh.com/resources/articles/2015/11/17/smart-mpos-and-untethered-associate,https://www.manh.com/resources/articles/2015/11/17/smart-mpos-and-untethered-associate
http://www.manh.com/resources/white-paper/four-reasons-why-your-truckload-based-tms-wont-cut-rail,https://www.manh.com/resources/white-paper/four-reasons-why-your-truckload-based-tms-wont-cut-rail
http://www.manh.com/platforms/manhattan-scope/supply-chain-process-platform,https://www.manh.com/platforms/manhattan-scope/supply-chain-process-platform
http://www.manh.com/resources/articles/2014/11/14/manhattan-associates-proud-leader-2014-gartner-magic-quadrant,https://www.manh.com/resources/articles/2014/11/14/manhattan-associates-proud-leader-2014-gartner-magic-quadrant
https://www.manh.com/solutions/order-lifecycle-management/store-commerce-activation,https://www.manh.com/products/distributed-order-management
http://www.manh.com/resources/press-releases/2013/05/20/manhattan-associates’-ceo-eddie-capel-paints-new-vision-supply-chain-momentum®-2013,https://www.manh.com/resources/press-releases/2013/05/20/manhattan-associates’-ceo-eddie-capel-paints-new-vision-supply-chain-momentum®-2013
http://www.manh.com/solutions/carrier-management/drop-and-swap,https://www.manh.com/solutions/carrier-management/drop-and-swap
http://www.manh.com/resources/press-releases/2013/04/23/manhattan-associates-reports-record-first-quarter-2013-earnings,https://www.manh.com/resources/press-releases/2013/04/23/manhattan-associates-reports-record-first-quarter-2013-earnings
http://www.manh.com/exchange,https://www.manh.com/exchange
http://www.manh.com/fr-fr/ressources/rapport-de-recherche/attentes-consommateurs-au-dela-de-loffre-proposee-retailers,https://www.manh.com/fr-fr/ressources/rapport-de-recherche/attentes-consommateurs-au-dela-de-loffre-proposee-retailers
http://www.manh.com/products/point-of-sale?utm_medium=manh&utm_source=manh_us_&utm_campaign=15may18_us_store_solutions_press_release&utm_content=press_release_distribution,https://www.manh.com/products/point-of-sale?utm_medium=manh&utm_source=manh_us_&utm_campaign=15may18_us_store_solutions_press_release&utm_content=press_release_distribution
http://www.manh.com/solutions,https://www.manh.com/solutions
http://www.manh.com/resources/press-releases/2017/05/09/manhattan-associates-unveils-manhattan-active-supply-chain,https://www.manh.com/resources/press-releases/2017/05/09/manhattan-associates-unveils-manhattan-active-supply-chain
http://www.manh.com/it,https://www.manh.com/it
https://www.manh.com/pt-br/resources/articles,https://www.manh.com/pt-br/recursos/artigos
http://www.manh.com/resources/case-study/deli-xl-implements-manhattans-wms,https://www.manh.com/resources/case-study/deli-xl-implements-manhattans-wms
http://www.manh.com/OMS,https://www.manh.com/OMS
https://www.manh.com/de-de/resources/press-releases,https://www.manh.com/de-de/quellen/pressemitteilungen
http://www.manh.com/resources/press-releases/2013/05/21/manhattan-associates-launches-industry-leading-store-inventory-and-fulfillment-solution,https://www.manh.com/resources/press-releases/2013/05/21/manhattan-associates-launches-industry-leading-store-inventory-and-fulfillment-solution
http://www.manh.com/events/manhattan-exchange-events,https://www.manh.com/events/manhattan-exchange-events
https://www.manh.com/pt-br/resources/press-releases,https://www.manh.com/pt-br/recursos/comunicados-para-a-imprensa
http://www.manh.com/resources/press-releases/2013/04/29/gander-mountain-selects-manhattan-associates-enable-omni-channel-processes,https://www.manh.com/resources/press-releases/2013/04/29/gander-mountain-selects-manhattan-associates-enable-omni-channel-processes
http://www.manh.com/resources/articles/2015/07/01/economic-benefits-inventory-optimization,https://www.manh.com/resources/articles/2015/07/01/economic-benefits-inventory-optimization
http://www.manh.com/products/inventory-products?utm_medium=manh&utm_source=manh_us_&utm_campaign=15may18_us_store_solutions_press_release&utm_content=press_release_distribution,https://www.manh.com/products/inventory-products?utm_medium=manh&utm_source=manh_us_&utm_campaign=15may18_us_store_solutions_press_release&utm_content=press_release_distribution
http://www.manh.com/?utm_medium=website&utm_source=press_release_distribution&utm_campaign=14feb12_us_FMI-GMA_conference_transportation_press_release,https://www.manh.com/?utm_medium=website&utm_source=press_release_distribution&utm_campaign=14feb12_us_FMI-GMA_conference_transportation_press_release
https://www.manh.com/es/eventos/2017/08/07/manhattan-exchange-2017,https://www.manh.com/es/eventos/2018/05/29/manhattan-exchange-2018
http://www.manh.com/solutions/carrier-management/driver-and-load,https://www.manh.com/solutions/carrier-management/driver-and-load
http://www.manh.com/resources/articles/2015/08/27/power-store-clustering,https://www.manh.com/resources/articles/2015/08/27/power-store-clustering
http://www.manh.com/fr-fr/ressources/articles/2017/03/13/quest-ce-que-lorder-streaming,https://www.manh.com/fr-fr/ressources/articles/2017/03/13/quest-ce-que-lorder-streaming
https://www.manh.com/it-it/resources/articles,https://www.manh.com/it-it/risorse/articoli
http://www.manh.com/solutions/distribution-management/warehouse-management,https://www.manh.com/solutions/distribution-management/warehouse-management
http://www.manh.com/resources/articles/2016/11/08/is-it-time-operationalize-ship-store,https://www.manh.com/resources/articles/2016/11/08/is-it-time-operationalize-ship-store
http://www.manh.com/industries/retail,https://www.manh.com/industries/retail
http://www.manh.com/ja-jp/about-us/careers/career-opportunities,https://www.manh.com/ja-jp/about-us/careers/career-opportunities
http://www.manh.com/platforms/manhattan-scope,https://www.manh.com/platforms/manhattan-scope
http://www.manh.com/products/clienteling,https://www.manh.com/products/clienteling
http://www.manh.com/solutions/carrier-management,https://www.manh.com/solutions/carrier-management
http://www.manh.com/?utm_medium=manh&utm_source=manh_us_&utm_campaign=15may18_us_store_solutions_press_release&utm_content=press_release_distribution,https://www.manh.com/?utm_medium=manh&utm_source=manh_us_&utm_campaign=15may18_us_store_solutions_press_release&utm_content=press_release_distribution
http://www.manh.com/resources/articles/2015/05/11/exploring-21st-century-distribution-management,https://www.manh.com/resources/articles/2015/05/11/exploring-21st-century-distribution-management
http://www.manh.com/pt-br/termos-de-uso,https://www.manh.com/pt-br/termos-de-uso
http://www.manh.com/resources/articles/2015/03/23/how-omni-channel-outsmarting-mother-nature,https://www.manh.com/resources/articles/2015/03/23/how-omni-channel-outsmarting-mother-nature
http://www.manh.com/resources/articles/2015/06/24/manhattan-s-wmos-2015-becomes-even-more-e-commerce-aware,https://www.manh.com/resources/articles/2015/06/24/manhattan-s-wmos-2015-becomes-even-more-e-commerce-aware
http://www.manh.com/news/mens-wearhouse-omni-channel-enablement,https://www.manh.com/news/mens-wearhouse-omni-channel-enablement
https://www.manh.com/products/inventory-products?utm_medium=manh&utm_source=manh_us_&utm_campaign=15may18_us_store_solutions_press_release&utm_content=press_release_distribution,https://www.manh.com/products/inventory/solutions?utm_medium=manh&utm_source=manh_us_&utm_campaign=15may18_us_store_solutions_press_release&utm_content=press_release_distribution
https://www.manh.com/solutions/carrier-management/drop-and-swap,https://www.manh.com/products/drop-and-swap
http://www.manh.com/solutions/transportation-management/transportation-procurement,https://www.manh.com/solutions/transportation-management/transportation-procurement
http://www.manh.com/products/dispatch-management?utm_medium=manh&utm_source=manh_us_&utm_campaign=15may20_us_shipper_of_the_year&utm_content=press_release_distribution,https://www.manh.com/products/dispatch-management?utm_medium=manh&utm_source=manh_us_&utm_campaign=15may20_us_shipper_of_the_year&utm_content=press_release_distribution
https://www.manh.com/platforms/manhattan-scope/supply-chain-process-platform,https://www.manh.com/active/integration-platform
http://www.manh.com/solutions/supply-chain-intelligence,https://www.manh.com/solutions/supply-chain-intelligence
http://www.manh.com/solutions/inventory-optimization/replenishment,https://www.manh.com/solutions/inventory-optimization/replenishment
http://www.manh.com/resources/white-paper/mobile-technology-and-transportation-management?utm_medium=manh&utm_source=manh_us_&utm_campaign=15may20_us_shipper_of_the_year&utm_content=press_release_distribution,https://www.manh.com/resources/white-paper/mobile-technology-and-transportation-management?utm_medium=manh&utm_source=manh_us_&utm_campaign=15may20_us_shipper_of_the_year&utm_content=press_release_distribution
http://www.manh.com/solutions/order-management/store-commerce-activation,https://www.manh.com/solutions/order-management/store-commerce-activation
http://www.manh.com/events/webinar/new-approach-transportation-modeling,https://www.manh.com/events/webinar/new-approach-transportation-modeling
http://www.manh.com/products/transportation-management/overview?utm_medium=manh&utm_source=manh_us_&utm_campaign=15may20_us_shipper_of_the_year&utm_content=press_release_distribution,https://www.manh.com/products/transportation-management/overview?utm_medium=manh&utm_source=manh_us_&utm_campaign=15may20_us_shipper_of_the_year&utm_content=press_release_distribution
http://www.manh.com/solutions/order-lifecycle-management,https://www.manh.com/solutions/order-lifecycle-management
http://www.manh.com/news/CSCMP-2013,https://www.manh.com/news/CSCMP-2013
https://www.manh.com/solutions/distribution-management/warehouse-management,https://www.manh.com/products/warehouse-management
http://www.manh.com/products/audit-payment-and-claims?utm_medium=manh&utm_source=manh_us_&utm_campaign=15may20_us_shipper_of_the_year&utm_content=http://www.manh.com/products/audit_payment_and_claims,https://www.manh.com/products/audit-payment-and-claims?utm_medium=manh&utm_source=manh_us_&utm_campaign=15may20_us_shipper_of_the_year&utm_content=http://www.manh.com/products/audit_payment_and_claims
http://www.manh.com/solutions/mobile-supply-chain,https://www.manh.com/solutions/mobile-supply-chain
http://www.manh.com/resources/product-information/manhattan-mobility-labs,https://www.manh.com/resources/product-information/manhattan-mobility-labs
https://www.manh.com/platforms/manhattan-scope,https://www.manh.com/active/integration-platform
http://www.manh.com/products/slotting-optimization,https://www.manh.com/products/slotting-optimization
http://www.manh.com/de-de/produkt/order-management,https://www.manh.com/de-de/produkt/order-management
http://www.manh.com/resources/white-paper/incorporating-variability-transportation-modeling,https://www.manh.com/resources/white-paper/incorporating-variability-transportation-modeling
http://www.manh.com/news/lennox-international-tms,https://www.manh.com/news/lennox-international-tms
http://www.manh.com/solutions/transportation-management,https://www.manh.com/solutions/transportation-management
http://www.manh.com/products/labor-management?utm_medium=website&utm_source=press_release_distribution&utm_campaign=14mar17_us_lennox_,https://www.manh.com/products/labor-management?utm_medium=website&utm_source=press_release_distribution&utm_campaign=14mar17_us_lennox_
http://www.manh.com/fr-fr/produits/warehouse-management,https://www.manh.com/fr-fr/produits/warehouse-management
https://www.manh.com/zh-cn/,https://www.manh.com/zh-cn
https://www.manh.com/solutions,https://www.manh.com/products/supply-chain/solutions
http://www.manh.com/solutions/distribution-management/labor-management,https://www.manh.com/solutions/distribution-management/labor-management
http://www.manh.com/products/transportation-management/overview?utm_medium=manh&utm_source=manh_us_&utm_campaign=15may11_us_lennox_press_release&utm_content=press_release_distribution,https://www.manh.com/products/transportation-management/overview?utm_medium=manh&utm_source=manh_us_&utm_campaign=15may11_us_lennox_press_release&utm_content=press_release_distribution
http://www.manh.com/?utm_medium=website&utm_source=press_release_distribution&utm_campaign=14mar17_us_lennox_,https://www.manh.com/?utm_medium=website&utm_source=press_release_distribution&utm_campaign=14mar17_us_lennox_
http://www.manh.com/solutions/distribution-management,https://www.manh.com/solutions/distribution-management
http://www.manh.com/solutions/distribution-management/slotting-optimization,https://www.manh.com/solutions/distribution-management/slotting-optimization
http://www.manh.com/products/transportation-management/overview?utm_medium=manh&utm_source=manh_us_&utm_campaign=15may08_us_ibm_softlayer_press_release&utm_content=press_release_distribution,https://www.manh.com/products/transportation-management/overview?utm_medium=manh&utm_source=manh_us_&utm_campaign=15may08_us_ibm_softlayer_press_release&utm_content=press_release_distribution
https://www.manh.com/OMS,http://www.manh.com/resources/research-report/forrester-wave-omnichannel-order-management-2016?utm_campaign=16july_us_oms_redirect&utm_medium=catch_all_redirect&utm_source=us_oms_redirect
http://www.manh.com/en-gb/products/supply-chain-intelligence,https://www.manh.com/en-gb/products/supply-chain-intelligence
http://www.manh.com/nl-nl/producten/order-management,https://www.manh.com/nl-nl/producten/order-management
http://www.manh.com/solutions/carrier-management/superspin,https://www.manh.com/solutions/carrier-management/superspin
http://www.manh.com/solutions/order-lifecycle-management/distributed-order-management,https://www.manh.com/solutions/order-lifecycle-management/distributed-order-management
http://www.manh.com/en-au/,https://www.manh.com/en-au/
https://www.manh.com/resources/case-study/deli-xl-implements-manhattans-wms,https://www.manh.com/resources/documents?title=&doc_type%5B0%5D=Case%20Study
http://www.manh.com/nl-nl/active,https://www.manh.com/nl-nl/active
http://www.manh.com/solutions/store-inventory-and-fulfillment,https://www.manh.com/solutions/store-inventory-and-fulfillment
http://www.manh.com/resources/product-information/manhattan-minute-zero-disappointment-retail,https://www.manh.com/resources/product-information/manhattan-minute-zero-disappointment-retail
http://www.manh.com/products/transportation-management/overview?utm_medium=website&utm_source=press_release_distribution&utm_campaign=14mar17_us_lennox_,https://www.manh.com/products/transportation-management/overview?utm_medium=website&utm_source=press_release_distribution&utm_campaign=14mar17_us_lennox_
http://www.manh.com/?utm_medium=manh&utm_source=manh_us_&utm_campaign=15may08_us_ibm_softlayer_press_release&utm_content=press_release_distribution,https://www.manh.com/?utm_medium=manh&utm_source=manh_us_&utm_campaign=15may08_us_ibm_softlayer_press_release&utm_content=press_release_distribution
http://www.manh.com/de-de/active,https://www.manh.com/de-de/active
http://www.manh.com/news/brandon-hall-gold-award-2013,https://www.manh.com/news/brandon-hall-gold-award-2013
http://www.manh.com/products/transportation-planning-execution?utm_medium=manh&utm_source=manh_us_&utm_campaign=15may20_us_shipper_of_the_year&utm_content=press_release_distribution,https://www.manh.com/products/transportation-planning-execution?utm_medium=manh&utm_source=manh_us_&utm_campaign=15may20_us_shipper_of_the_year&utm_content=press_release_distribution
http://www.manh.com/fr-fr/produits/enterprise-order-management,https://www.manh.com/fr-fr/produits/enterprise-order-management
http://www.manh.com/news/omni-channel-exchange-2013,https://www.manh.com/news/omni-channel-exchange-2013
https://www.manh.com/events/manhattan-exchange-events,https://www.manh.com/events
http://www.manh.com/products/omni-channel-solutions,https://www.manh.com/products/omni-channel-solutions
http://www.manh.com/solutions/order-management,https://www.manh.com/solutions/order-management
http://www.manh.com/solutions/supply-chain-event-management,https://www.manh.com/solutions/supply-chain-event-management
https://www.manh.com/pt-br/eventos/2017/08/28/Llambert@manh.com,https://www.manh.com/pt-br/eventos
http://www.manh.com/solutions/inventory-optimization,https://www.manh.com/solutions/inventory-optimization
http://www.manh.com/resources/portraits-leadership/davids-bridal,https://www.manh.com/resources/portraits-leadership/davids-bridal
http://www.manh.com/solutions/point-of-sale/tablet-retailing?utm_medium=manh&utm_source=manh_us_&utm_campaign=15may12_us_lilly_pulitzer_press_release&utm_content=press_release_distribution,https://www.manh.com/solutions/point-of-sale/tablet-retailing?utm_medium=manh&utm_source=manh_us_&utm_campaign=15may12_us_lilly_pulitzer_press_release&utm_content=press_release_distribution
http://www.manh.com/products/manhattan-scale,https://www.manh.com/products/manhattan-scale
https://www.manh.com/solutions/carrier-management,https://www.manh.com/products/carrier-management/overview
http://www.manh.com/de-de/produkt/store-fulfillment,https://www.manh.com/de-de/produkt/store-fulfillment
http://www.manh.com/solutions/order-management/distributed-order-management,https://www.manh.com/solutions/order-management/distributed-order-management
http://www.manh.com/news/mexico-exchange-2013,https://www.manh.com/news/mexico-exchange-2013
http://www.manh.com/events/webinars/2015/03/08/whats-in-store-stores-how-digital-commerce-will-drive-new-retail,https://www.manh.com/events/webinars/2015/03/08/whats-in-store-stores-how-digital-commerce-will-drive-new-retail
http://www.manh.com/products/transportation-procurement?utm_medium=manh&utm_source=manh_us_&utm_campaign=15may20_us_shipper_of_the_year&utm_content=press_release_distribution,https://www.manh.com/products/transportation-procurement?utm_medium=manh&utm_source=manh_us_&utm_campaign=15may20_us_shipper_of_the_year&utm_content=press_release_distribution
http://www.manh.com/nrf,https://www.manh.com/nrf
https://www.manh.com/platforms/manhattan-scale,https://www.manh.com/products/manhattan-scale
http://www.manh.com/sites/default/files/files/MANH-Doing_More_on_the_Stone_Floor_Whitepaper.pdf,https://www.manh.com/sites/default/files/files/MANH-Doing_More_on_the_Stone_Floor_Whitepaper.pdf
http://www.manh.com/products/labor-management,https://www.manh.com/products/labor-management
http://www.manh.com/resources/press-releases/2013/11/05/men-s-wearhouse-continues-omni-channel-enablement-manhattan,https://www.manh.com/resources/press-releases/2013/11/05/men-s-wearhouse-continues-omni-channel-enablement-manhattan
http://www.manh.com/resources/digital-media/shes-your-stuff,https://www.manh.com/resources/digital-media/shes-your-stuff
http://www.manh.com/active,https://www.manh.com/active
https://www.manh.com/resources/white-paper/four-reasons-why-your-truckload-based-tms-wont-cut-rail,https://www.manh.com/resources/documents?title=&doc_type%5B0%5D=White%20Paper
http://www.manh.com/products/warehouse-management,https://www.manh.com/products/warehouse-management
http://www.manh.com/resources/white-paper/how-preferred-shipping-customer?utm_medium=manh&utm_source=manh_us_&utm_campaign=15may20_us_shipper_of_the_year&utm_content=press_release_distribution,https://www.manh.com/resources/white-paper/how-preferred-shipping-customer?utm_medium=manh&utm_source=manh_us_&utm_campaign=15may20_us_shipper_of_the_year&utm_content=press_release_distribution
http://www.manh.com/products/distribution-management/overview,https://www.manh.com/products/distribution-management/overview
http://www.manh.com/sites/all/libraries/elqNow/elqRedir.htm?ref=http://www.manh.com/sites/default/files/sys/en-us/document/pdf/manh-fieldscout-pov-white-paper-en-us.pdf,https://www.manh.com/sites/all/libraries/elqNow/elqRedir.htm?ref=http://www.manh.com/sites/default/files/sys/en-us/document/pdf/manh-fieldscout-pov-white-paper-en-us.pdf
http://www.manh.com/lookbook,https://www.manh.com/lookbook
http://www.manh.com/news/shanghai-pharma-2013,https://www.manh.com/news/shanghai-pharma-2013
http://www.manh.com/products/warehouse-management?utm_medium=website&utm_source=press_release_distribution&utm_campaign=14mar17_us_lennox_,https://www.manh.com/products/warehouse-management?utm_medium=website&utm_source=press_release_distribution&utm_campaign=14mar17_us_lennox_
http://www.manh.com/products/warehouse-management?utm_medium=manh&utm_source=manh_us_&utm_campaign=15may11_us_lennox_press_release&utm_content=press_release_distribution,https://www.manh.com/products/warehouse-management?utm_medium=manh&utm_source=manh_us_&utm_campaign=15may11_us_lennox_press_release&utm_content=press_release_distribution
http://www.manh.com/solutions/distribution-management/supplier-enablement,https://www.manh.com/solutions/distribution-management/supplier-enablement
https://www.manh.com/solutions/carrier-management/driver-and-load,https://www.manh.com/products/driver-and-load
http://www.manh.com/resources/product-information/introducing-enterprise-store-associate,https://www.manh.com/resources/product-information/introducing-enterprise-store-associate
http://www.manh.com/active/omnichannel,https://www.manh.com/active/omnichannel
https://www.manh.com/solutions/order-management/distributed-order-management,https://www.manh.com/products/distributed-order-management
http://www.manh.com/resources/research-report/forrester-wave-omnichannel-order-management-2016,https://www.manh.com/resources/research-report/forrester-wave-omnichannel-order-management-2016
https://www.manh.com/products/transportation-management/overview?utm_medium=manh&utm_source=manh_us_&utm_campaign=15may08_us_ibm_softlayer_press_release&utm_content=press_release_distribution,https://www.manh.com/products/transportation/overview?utm_medium=manh&utm_source=manh_us_&utm_campaign=15may08_us_ibm_softlayer_press_release&utm_content=press_release_distribution
https://www.manh.com/sites/all/libraries/elqNow/elqRedir.htm?ref=http://www.manh.com/sites/default/files/sys/en-us/document/pdf/manh-fieldscout-pov-white-paper-en-us.pdf,http://www.manh.com/resources?ref=http%3A//www.manh.com/sites/default/files/sys/en-us/document/pdf/manh-fieldscout-pov-white-paper-en-us.pdf
https://www.manh.com/products/transportation-management/overview?utm_medium=manh&utm_source=manh_us_&utm_campaign=15may11_us_lennox_press_release&utm_content=press_release_distribution,https://www.manh.com/products/transportation/overview?utm_medium=manh&utm_source=manh_us_&utm_campaign=15may11_us_lennox_press_release&utm_content=press_release_distribution
http://www.manh.com/news/starmount-manhattan-mobile-selling,https://www.manh.com/news/starmount-manhattan-mobile-selling
https://www.manh.com/solutions/order-management,https://www.manh.com/products/omni-channel-central/overview
https://www.manh.com/solutions/transportation-management/transportation-procurement,https://www.manh.com/products/procurement
http://www.manh.com/products/transportation-management/overview?utm_medium=website&utm_source=press_release_distribution&utm_campaign=14may06_us_shipper_of_the_yea,https://www.manh.com/products/transportation-management/overview?utm_medium=website&utm_source=press_release_distribution&utm_campaign=14may06_us_shipper_of_the_yea
http://www.manh.com/en-gb/products/point-of-sale,https://www.manh.com/en-gb/products/point-of-sale
https://www.manh.com/lookbook,http://www.manh.com/resources/product-information/omni-channel-look-book-fashion-retail?utm_campaign=16nov_us_oc_ocs_lookbook_redirect&utm_medium=catch_all_redirect&utm_source=lookbook_redirect
http://www.manh.com/solutions/transportation-lifecycle-management/fleet-management,https://www.manh.com/solutions/transportation-lifecycle-management/fleet-management
https://www.manh.com/products/transportation-planning-execution?utm_medium=manh&utm_source=manh_us_&utm_campaign=15may20_us_shipper_of_the_year&utm_content=press_release_distribution,https://www.manh.com/products/planning-execution?utm_medium=manh&utm_source=manh_us_&utm_campaign=15may20_us_shipper_of_the_year&utm_content=press_release_distribution
https://www.manh.com/products/transportation-procurement?utm_medium=manh&utm_source=manh_us_&utm_campaign=15may20_us_shipper_of_the_year&utm_content=press_release_distribution,https://www.manh.com/products/procurement?utm_medium=manh&utm_source=manh_us_&utm_campaign=15may20_us_shipper_of_the_year&utm_content=press_release_distribution
http://www.manh.com/products/labor-management?utm_medium=website&utm_source=press_release_distribution&utm_campaign=14may06_us_mobile_innovations,https://www.manh.com/products/labor-management?utm_medium=website&utm_source=press_release_distribution&utm_campaign=14may06_us_mobile_innovations
https://www.manh.com/solutions/supply-chain-intelligence,https://www.manh.com/products/integration-platform/business-intelligence
https://www.manh.com/solutions/supply-chain-event-management,https://www.manh.com/products/integration-platform/event-management
http://www.manh.com/industries/grocery-food-and-beverage?utm_medium=website&utm_source=press_release_distribution&utm_campaign=14feb11_us_food_logistics%27_fl100_transportation_press_release,https://www.manh.com/industries/grocery-food-and-beverage?utm_medium=website&utm_source=press_release_distribution&utm_campaign=14feb11_us_food_logistics%27_fl100_transportation_press_release
http://www.manh.com/about-us/leadership-team?utm_medium=website&utm_source=press_release_distribution&utm_campaign=14may06_us_commerce_ready_,https://www.manh.com/about-us/leadership-team?utm_medium=website&utm_source=press_release_distribution&utm_campaign=14may06_us_commerce_ready_
https://www.manh.com/solutions/mobile-supply-chain,https://www.manh.com/why-manhattan/innovation-and-investment
http://www.manh.com/resources/product-information/manhattan-scale-solution-brochure?utm_medium=website&utm_source=press_release_distribution&utm_campaign=14jun04_us_norix_press_release,https://www.manh.com/resources/product-information/manhattan-scale-solution-brochure?utm_medium=website&utm_source=press_release_distribution&utm_campaign=14jun04_us_norix_press_release
https://www.manh.com/nrf,http://info.manh.com/NRF-2019.html
http://www.manh.com/solutions/transportation-lifecycle-management/logistics-gateway,https://www.manh.com/solutions/transportation-lifecycle-management/logistics-gateway
http://www.manh.com/resources?utm_medium=website&utm_source=press_release_distribution&utm_campaign=14may06_us_shipper_of_the_year,https://www.manh.com/resources?utm_medium=website&utm_source=press_release_distribution&utm_campaign=14may06_us_shipper_of_the_year
http://www.manh.com/fr-fr/ressources/communiques-de-presse/2018/01/15/manhattan-associates-lance-solution-customer-engagement,https://www.manh.com/fr-fr/ressources/communiques-de-presse/2018/01/15/manhattan-associates-lance-solution-customer-engagement
http://www.manh.com/products/manhattan-scale?utm_medium=website&utm_source=press_release_distribution&utm_campaign=15apr16_us_northern_safety_press_release,https://www.manh.com/products/manhattan-scale?utm_medium=website&utm_source=press_release_distribution&utm_campaign=15apr16_us_northern_safety_press_release
https://www.manh.com/solutions/distribution-management,https://www.manh.com/products/distribution/overview
http://www.manh.com/en-gb/products/enterprise-order-management,https://www.manh.com/en-gb/products/enterprise-order-management
https://www.manh.com/resources/white-paper/how-preferred-shipping-customer?utm_medium=manh&utm_source=manh_us_&utm_campaign=15may20_us_shipper_of_the_year&utm_content=press_release_distribution,https://www.manh.com/resources/white-paper/how-be-preferred-shipping-customer?utm_medium=manh&utm_source=manh_us_&utm_campaign=15may20_us_shipper_of_the_year&utm_content=press_release_distribution
http://www.manh.com/products/tablet-retailing?utm_medium=manh&utm_source=manh_us_&utm_campaign=15jan09_us_nrf_2015&utm_content=press_release_distribution,https://www.manh.com/products/tablet-retailing?utm_medium=manh&utm_source=manh_us_&utm_campaign=15jan09_us_nrf_2015&utm_content=press_release_distribution
http://www.manh.com/why-manhattan/partners,https://www.manh.com/why-manhattan/partners
https://www.manh.com/de-de/produkt/store-fulfillment,https://www.manh.com/de-de/produkt/store-fulfilment
https://www.manh.com/solutions/order-management/store-commerce-activation,https://www.manh.com/products/distributed-order-management
http://www.manh.com/products/transportation-procurement,https://www.manh.com/products/transportation-procurement
https://www.manh.com/solutions/order-lifecycle-management/distributed-order-management,https://www.manh.com/products/distributed-order-management
https://www.manh.com/en-gb/products/supply-chain-intelligence,https://www.manh.com/en-gb/products/integration-platform-intelligence
http://www.manh.com/en-au/about-us/leadership-team,https://www.manh.com/en-au/about-us/leadership-team
https://www.manh.com/products/distribution-management/overview,https://www.manh.com/products/distribution/overview
http://www.manh.com/platforms/manhattan-scale?utm_medium=website&utm_source=press_release_distribution&utm_campaign=14jun04_us_norix_press_release,https://www.manh.com/platforms/manhattan-scale?utm_medium=website&utm_source=press_release_distribution&utm_campaign=14jun04_us_norix_press_release
http://www.manh.com/products/warehouse-management?utm_medium=website&utm_source=press_release_distribution&utm_campaign=14may06_us_mobile_innovations,https://www.manh.com/products/warehouse-management?utm_medium=website&utm_source=press_release_distribution&utm_campaign=14may06_us_mobile_innovations
https://www.manh.com/resources/product-information/manhattan-minute-zero-disappointment-retail,https://www.manh.com/resources/documents?title=&doc_type%5B0%5D=Product%20Information
https://www.manh.com/solutions/store-inventory-and-fulfillment,https://www.manh.com/products/inventory/solutions
http://www.manh.com/products/appointment-scheduling,https://www.manh.com/products/appointment-scheduling
http://www.manh.com/news/fmi-gma-conference,https://www.manh.com/news/fmi-gma-conference
https://www.manh.com/events/webinar/new-approach-transportation-modeling,https://www.manh.com/events/webinars
http://www.manh.com/solutions/order-management/enterprise-order-management,https://www.manh.com/solutions/order-management/enterprise-order-management
http://www.manh.com/why-manhattan/manhattan-platform?utm_medium=website&utm_source=press_release_distribution&utm_campaign=14mar13_us_papa_john's_momentum,https://www.manh.com/why-manhattan/manhattan-platform?utm_medium=website&utm_source=press_release_distribution&utm_campaign=14mar13_us_papa_john's_momentum
https://www.manh.com/solutions/distribution-management/supplier-enablement,https://www.manh.com/products/supplier-enablement
http://www.manh.com/products/transportation-planning-execution,https://www.manh.com/products/transportation-planning-execution
http://www.manh.com/products/inventory-products?utm_medium=manh&utm_source=manh_us_&utm_campaign=15jan09_us_nrf_2015&utm_content=press_release_distribution,https://www.manh.com/products/inventory-products?utm_medium=manh&utm_source=manh_us_&utm_campaign=15jan09_us_nrf_2015&utm_content=press_release_distribution
https://www.manh.com/resources/digital-media/shes-your-stuff,https://www.manh.com/resources/videos/customers-in-your-stuff
https://www.manh.com/solutions/distribution-management/labor-management,https://www.manh.com/products/labor-management
http://www.manh.com/manhattan-scale,https://www.manh.com/manhattan-scale
http://www.manh.com/en-gb/products/omni-channel-store/solutions,https://www.manh.com/en-gb/products/omni-channel-store/solutions
http://www.manh.com/news/ajc-top-workplaces-2014,https://www.manh.com/news/ajc-top-workplaces-2014
http://www.manh.com/products/transportation-management/overview?utm_medium=website&utm_source=press_release_distribution&utm_campaign=14may06_us_tms_momentum,https://www.manh.com/products/transportation-management/overview?utm_medium=website&utm_source=press_release_distribution&utm_campaign=14may06_us_tms_momentum
http://www.manh.com/products/clienteling?utm_medium=manh&utm_source=manh_us_&utm_campaign=15jan09_us_nrf_2015&utm_content=press_release_distribution,https://www.manh.com/products/clienteling?utm_medium=manh&utm_source=manh_us_&utm_campaign=15jan09_us_nrf_2015&utm_content=press_release_distribution
http://www.manh.com/?utm_medium=manh&utm_source=manh_us_&utm_campaign=15apr24_us_dm_mobile_power_session&utm_content=press_release_distribution,https://www.manh.com/?utm_medium=manh&utm_source=manh_us_&utm_campaign=15apr24_us_dm_mobile_power_session&utm_content=press_release_distribution
http://www.manh.com/events/webinars?utm_medium=website&utm_source=press_release_distribution&utm_campaign=14may06_us_shipper_of_the_year,https://www.manh.com/events/webinars?utm_medium=website&utm_source=press_release_distribution&utm_campaign=14may06_us_shipper_of_the_year
http://www.manh.com/en-nl/,https://www.manh.com/en-nl/
http://www.manh.com/products/audit-payment-and-claims,https://www.manh.com/products/audit-payment-and-claims
https://www.manh.com/resources/portraits-leadership/davids-bridal,https://www.manh.com/resources/videos/davids-bridal-improves-time-delivery-and-increases-revenue
http://www.manh.com/news/open-for-commerce,https://www.manh.com/news/open-for-commerce
https://www.manh.com/products/dispatch-management?utm_medium=manh&utm_source=manh_us_&utm_campaign=15may20_us_shipper_of_the_year&utm_content=press_release_distribution,https://www.manh.com/products/fleet-management?utm_medium=manh&utm_source=manh_us_&utm_campaign=15may20_us_shipper_of_the_year&utm_content=press_release_distribution
http://www.manh.com/products/yard-management?utm_medium=website&utm_source=press_release_distribution&utm_campaign=14may06_us_tms_momentum,https://www.manh.com/products/yard-management?utm_medium=website&utm_source=press_release_distribution&utm_campaign=14may06_us_tms_momentum
http://www.manh.com/resources/case-study/aligned-success-five-portraits-manufacturing?utm_medium=website&utm_source=press_release_distribution&utm_campaign=14jun04_us_norix_press_release,https://www.manh.com/resources/case-study/aligned-success-five-portraits-manufacturing?utm_medium=website&utm_source=press_release_distribution&utm_campaign=14jun04_us_norix_press_release
https://www.manh.com/solutions/distribution-management/slotting-optimization,https://www.manh.com/products/slotting-optimization
http://www.manh.com/fr-fr/notre-societe/carrieres/opportunites-de-carriere,https://www.manh.com/fr-fr/notre-societe/carrieres/opportunites-de-carriere
http://www.manh.com/products/warehouse-management?utm_medium=website&utm_source=press_release_distribution&utm_campaign=14sep08_us_shophq_press_release,https://www.manh.com/products/warehouse-management?utm_medium=website&utm_source=press_release_distribution&utm_campaign=14sep08_us_shophq_press_release
https://www.manh.com/solutions/point-of-sale/tablet-retailing?utm_medium=manh&utm_source=manh_us_&utm_campaign=15may12_us_lilly_pulitzer_press_release&utm_content=press_release_distribution,https://www.manh.com/products/tablet-retailing?utm_medium=manh&utm_source=manh_us_&utm_campaign=15may12_us_lilly_pulitzer_press_release&utm_content=press_release_distribution
http://www.manh.com/resources/white-paper/how-preferred-shipping-customer-strategies-coming-capacity-shortage?utm_medium=website&utm_source=press_release_distribution&utm_campaign=14may06_us_tms_momentum,https://www.manh.com/resources/white-paper/how-preferred-shipping-customer-strategies-coming-capacity-shortage?utm_medium=website&utm_source=press_release_distribution&utm_campaign=14may06_us_tms_momentum
http://www.manh.com/solutions/order-lifecycle-management/store-commerce-activation?utm_medium=website&utm_source=press_release_distribution&utm_campaign=14jun04_us_norix_press_release,https://www.manh.com/solutions/order-lifecycle-management/store-commerce-activation?utm_medium=website&utm_source=press_release_distribution&utm_campaign=14jun04_us_norix_press_release
http://www.manh.com/solutions/order-management/store-order-management,https://www.manh.com/solutions/order-management/store-order-management
http://www.manh.com/products/warehouse-management?utm_medium=website&utm_source=press_release_distribution&utm_campaign=14apr01_us_floor_and_decor,https://www.manh.com/products/warehouse-management?utm_medium=website&utm_source=press_release_distribution&utm_campaign=14apr01_us_floor_and_decor
http://www.manh.com/products/yard-management,https://www.manh.com/products/yard-management
https://www.manh.com/solutions/inventory-optimization/replenishment,https://www.manh.com/products/replenishment
https://www.manh.com/solutions/transportation-management,https://www.manh.com/products/transportation/overview
http://www.manh.com/resources/research-report/forrester-wave-omnichannel-order-management-2016?utm_campaign=16july_us_oms_redirect&utm_medium=catch_all_redirect&utm_source=us_oms_redirect,https://www.manh.com/resources/research-report/forrester-wave-omnichannel-order-management-2016?utm_campaign=16july_us_oms_redirect&utm_medium=catch_all_redirect&utm_source=us_oms_redirect
http://www.manh.com/events/webinar/transportation-modeling-papa-johns-food-service,https://www.manh.com/events/webinar/transportation-modeling-papa-johns-food-service
https://www.manh.com/news/mens-wearhouse-omni-channel-enablement,https://www.manh.com/resources/press-releases/2013/11/05/mens-wearhouse-continues-omnichannel-enablement-manhattan
https://www.manh.com/solutions/order-lifecycle-management,https://www.manh.com/products/distributed-order-management
http://www.manh.com/resources/white-paper/unbound-study-mobility-and-modern-distribution-manager,https://www.manh.com/resources/white-paper/unbound-study-mobility-and-modern-distribution-manager
https://www.manh.com/products/transportation-management/overview?utm_medium=manh&utm_source=manh_us_&utm_campaign=15may20_us_shipper_of_the_year&utm_content=press_release_distribution,https://www.manh.com/products/transportation/overview?utm_medium=manh&utm_source=manh_us_&utm_campaign=15may20_us_shipper_of_the_year&utm_content=press_release_distribution
https://www.manh.com/resources/product-information/manhattan-mobility-labs,https://www.manh.com/resources/documents?title=&doc_type%5B0%5D=Product%20Information
http://www.manh.com/news/store-inventory-and-fulfillment-ios,https://www.manh.com/news/store-inventory-and-fulfillment-ios
http://www.manh.com/products/point-of-sale?utm_medium=manh&utm_source=manh_us_&utm_campaign=15jan09_us_nrf_2015&utm_content=press_release_distribution,https://www.manh.com/products/point-of-sale?utm_medium=manh&utm_source=manh_us_&utm_campaign=15jan09_us_nrf_2015&utm_content=press_release_distribution
https://www.manh.com/solutions/carrier-management/superspin,https://www.manh.com/products/carrier-management/overview
http://www.manh.com/resources/product-information/available-commerce,https://www.manh.com/resources/product-information/available-commerce
http://www.manh.com/why-manhattan/manhattan-platform?utm_medium=website&utm_source=press_release_distribution&utm_campaign=14may06_us_mobile_innovations,https://www.manh.com/why-manhattan/manhattan-platform?utm_medium=website&utm_source=press_release_distribution&utm_campaign=14may06_us_mobile_innovations
http://www.manh.com/products/transportation-management/overview?utm_medium=website&utm_source=press_release_distribution&utm_campaign=14feb11_us_food_logistics%27_fl100_transportation_press_release,https://www.manh.com/products/transportation-management/overview?utm_medium=website&utm_source=press_release_distribution&utm_campaign=14feb11_us_food_logistics%27_fl100_transportation_press_release
http://www.manh.com/en-gb/products/store-fulfilment,https://www.manh.com/en-gb/products/store-fulfilment
http://www.manh.com/?utm_medium=website&utm_source=press_release_distribution&utm_campaign=14mar13_us_papa_john's_momentum,https://www.manh.com/?utm_medium=website&utm_source=press_release_distribution&utm_campaign=14mar13_us_papa_john's_momentum
http://www.manh.com/products/enterprise-order-management?utm_medium=manh&utm_source=manh_us_&utm_campaign=15jan09_us_nrf_2015&utm_content=press_release_distribution,https://www.manh.com/products/enterprise-order-management?utm_medium=manh&utm_source=manh_us_&utm_campaign=15jan09_us_nrf_2015&utm_content=press_release_distribution
https://www.manh.com/solutions/inventory-optimization,https://www.manh.com/products/forecasting-replenishment/overview
https://www.manh.com/en-au/,https://www.manh.com/en-au
http://www.manh.com/products/inventory-products?utm_medium=website&utm_source=press_release_distribution&utm_campaign=14may06_us_mobile_innovations,https://www.manh.com/products/inventory-products?utm_medium=website&utm_source=press_release_distribution&utm_campaign=14may06_us_mobile_innovations
http://www.manh.com/products/transportation-management/overview?utm_medium=website&utm_source=press_release_distribution&utm_campaign=14apr01_us_floor_and_decor,https://www.manh.com/products/transportation-management/overview?utm_medium=website&utm_source=press_release_distribution&utm_campaign=14apr01_us_floor_and_decor
https://www.manh.com/sites/default/files/files/MANH-Doing_More_on_the_Stone_Floor_Whitepaper.pdf,https://www.manh.com/events/webinars/2015/05/07/doing-more-store-floor
http://www.manh.com/news/food-logistics-top-100-2013,https://www.manh.com/news/food-logistics-top-100-2013
https://www.manh.com/products/transportation-management/overview?utm_medium=website&utm_source=press_release_distribution&utm_campaign=14mar17_us_lennox_,https://www.manh.com/products/transportation/overview?utm_medium=website&utm_source=press_release_distribution&utm_campaign=14mar17_us_lennox_
http://www.manh.com/products/transportation-management/overview?utm_medium=website&utm_source=press_release_distribution&utm_campaign=14may06_us_mobile_innovations,https://www.manh.com/products/transportation-management/overview?utm_medium=website&utm_source=press_release_distribution&utm_campaign=14may06_us_mobile_innovations
http://www.manh.com/products/appointment-scheduling?utm_medium=website&utm_source=press_release_distribution&utm_campaign=14may06_us_tms_momentum,https://www.manh.com/products/appointment-scheduling?utm_medium=website&utm_source=press_release_distribution&utm_campaign=14may06_us_tms_momentum
http://www.manh.com/news/jay-leno-momentum-2014,https://www.manh.com/news/jay-leno-momentum-2014
https://www.manh.com/solutions/transportation-lifecycle-management/logistics-gateway,https://www.manh.com/products/transportation/overview
https://www.manh.com/manhattan-scale,https://www.manh.com/active/integration-platform
https://www.manh.com/solutions/order-management/enterprise-order-management,https://www.manh.com/products/enterprise-order-management
https://www.manh.com/en-nl/,https://www.manh.com/en-nl
http://www.manh.com/resources/product-information/omni-channel-look-book-fashion-retail?utm_campaign=16nov_us_oc_ocs_lookbook_redirect&utm_medium=catch_all_redirect&utm_source=lookbook_redirect,https://www.manh.com/resources/product-information/omni-channel-look-book-fashion-retail?utm_campaign=16nov_us_oc_ocs_lookbook_redirect&utm_medium=catch_all_redirect&utm_source=lookbook_redirect
https://www.manh.com/events/webinar/transportation-modeling-papa-johns-food-service,https://www.manh.com/events/webinars
https://www.manh.com/products/transportation-management/overview?utm_medium=website&utm_source=press_release_distribution&utm_campaign=14may06_us_mobile_innovations,https://www.manh.com/products/transportation/overview?utm_medium=website&utm_source=press_release_distribution&utm_campaign=14may06_us_mobile_innovations
https://www.manh.com/platforms/manhattan-scale?utm_medium=website&utm_source=press_release_distribution&utm_campaign=14jun04_us_norix_press_release,https://www.manh.com/products/manhattan-scale?utm_medium=website&utm_source=press_release_distribution&utm_campaign=14jun04_us_norix_press_release
https://www.manh.com/active/omnichannel,https://www.manh.com/active/omni
http://www.manh.com/resources?ref=http%3A//www.manh.com/sites/default/files/sys/en-us/document/pdf/manh-fieldscout-pov-white-paper-en-us.pdf,https://www.manh.com/resources?ref=http%3A//www.manh.com/sites/default/files/sys/en-us/document/pdf/manh-fieldscout-pov-white-paper-en-us.pdf
https://www.manh.com/resources/research-report/forrester-wave-omnichannel-order-management-2016,https://www.manh.com/resources/research-report/forrester-wavetm-omnichannel-order-management-q3-2016
https://www.manh.com/why-manhattan/manhattan-platform?utm_medium=website&utm_source=press_release_distribution&utm_campaign=14mar13_us_papa_john's_momentum,https://www.manh.com/active/integration-platform?utm_medium=website&utm_source=press_release_distribution&utm_campaign=14mar13_us_papa_john's_momentum
http://www.manh.com/news/red-mart-2013,https://www.manh.com/news/red-mart-2013
https://www.manh.com/solutions/order-management/store-order-management,https://www.manh.com/products/distributed-order-management
https://www.manh.com/products/inventory-products?utm_medium=website&utm_source=press_release_distribution&utm_campaign=14may06_us_mobile_innovations,https://www.manh.com/products/inventory/solutions?utm_medium=website&utm_source=press_release_distribution&utm_campaign=14may06_us_mobile_innovations
https://www.manh.com/resources/research-report/forrester-wave-omnichannel-order-management-2016?utm_campaign=16july_us_oms_redirect&utm_medium=catch_all_redirect&utm_source=us_oms_redirect,https://www.manh.com/resources/research-report/forrester-wavetm-omnichannel-order-management-q3-2016?utm_campaign=16july_us_oms_redirect&utm_medium=catch_all_redirect&utm_source=us_oms_redirect
https://www.manh.com/products/inventory-products?utm_medium=manh&utm_source=manh_us_&utm_campaign=15jan09_us_nrf_2015&utm_content=press_release_distribution,https://www.manh.com/products/inventory/solutions?utm_medium=manh&utm_source=manh_us_&utm_campaign=15jan09_us_nrf_2015&utm_content=press_release_distribution
https://www.manh.com/resources/case-study/aligned-success-five-portraits-manufacturing?utm_medium=website&utm_source=press_release_distribution&utm_campaign=14jun04_us_norix_press_release,https://www.manh.com/resources/case-study/aligned-success-five-portraits-in-manufacturing?utm_medium=website&utm_source=press_release_distribution&utm_campaign=14jun04_us_norix_press_release
https://www.manh.com/solutions/transportation-lifecycle-management/fleet-management,https://www.manh.com/products/fleet-management
https://www.manh.com/products/transportation-management/overview?utm_medium=website&utm_source=press_release_distribution&utm_campaign=14may06_us_shipper_of_the_yea,https://www.manh.com/products/transportation/overview?utm_medium=website&utm_source=press_release_distribution&utm_campaign=14may06_us_shipper_of_the_yea
https://www.manh.com/products/transportation-planning-execution,https://www.manh.com/products/planning-execution
https://www.manh.com/resources/white-paper/how-preferred-shipping-customer-strategies-coming-capacity-shortage?utm_medium=website&utm_source=press_release_distribution&utm_campaign=14may06_us_tms_momentum,https://www.manh.com/resources/documents?title=&doc_type%5B0%5D=White%20Paper&utm_medium=website&utm_source=press_release_distribution&utm_campaign=14may06_us_tms_momentum
https://www.manh.com/products/transportation-procurement,https://www.manh.com/products/procurement
https://www.manh.com/products/transportation-management/overview?utm_medium=website&utm_source=press_release_distribution&utm_campaign=14apr01_us_floor_and_decor,https://www.manh.com/products/transportation/overview?utm_medium=website&utm_source=press_release_distribution&utm_campaign=14apr01_us_floor_and_decor
https://www.manh.com/solutions/order-lifecycle-management/store-commerce-activation?utm_medium=website&utm_source=press_release_distribution&utm_campaign=14jun04_us_norix_press_release,https://www.manh.com/products/distributed-order-management?utm_medium=website&utm_source=press_release_distribution&utm_campaign=14jun04_us_norix_press_release
https://www.manh.com/why-manhattan/manhattan-platform?utm_medium=website&utm_source=press_release_distribution&utm_campaign=14may06_us_mobile_innovations,https://www.manh.com/active/integration-platform?utm_medium=website&utm_source=press_release_distribution&utm_campaign=14may06_us_mobile_innovations
https://www.manh.com/products/transportation-management/overview?utm_medium=website&utm_source=press_release_distribution&utm_campaign=14feb11_us_food_logistics%27_fl100_transportation_press_release,https://www.manh.com/products/transportation/overview?utm_medium=website&utm_source=press_release_distribution&utm_campaign=14feb11_us_food_logistics%27_fl100_transportation_press_release
https://www.manh.com/resources/product-information/manhattan-scale-solution-brochure?utm_medium=website&utm_source=press_release_distribution&utm_campaign=14jun04_us_norix_press_release,https://www.manh.com/resources/documents?title=&doc_type%5B0%5D=Product%20Information&utm_medium=website&utm_source=press_release_distribution&utm_campaign=14jun04_us_norix_press_release
https://www.manh.com/products/transportation-management/overview?utm_medium=website&utm_source=press_release_distribution&utm_campaign=14may06_us_tms_momentum,https://www.manh.com/products/transportation/overview?utm_medium=website&utm_source=press_release_distribution&utm_campaign=14may06_us_tms_momentum
http://www.manh.com/modex,https://www.manh.com/modex
https://www.manh.com/modex,http://info.manh.com/MODEX.html
